{
    "$schema": "https://go.kicad.org/pcm/schemas/v1",
    "name": "UAMP Library",
    "description": "This addon contains the Symbols, Footprint, and 3D Models.",
    "description_full": "This addon contains the Symbols, Footprint, and 3D Models.",
    "identifier": "com.github.uamp.kicad-libraries",
    "type": "library",
    "author": {
        "name": "Marco Rodriguez Bosco",
        "contact": {
            "web": "https://github.com/uampio/UAMP-KiCad-Libraries"
        }
    },
    "maintainer": {
        "name": "Marco Rodriguez Bosco",
        "contact": {
            "web": "https://github.com/uampio/UAMP-KiCad-Libraries"
        }
    },
    "license": "Apache-2.0",
    "resources": {
        "homepage": "https://github.com/uampio/UAMP-KiCad-Libraries"
    },
    "versions": [
        {
            "version": "1.0.1",
            "status": "stable",
            "kicad_version": "9.0.1"
        }
    ]
}